{
	"pattrstorage" : 	{
		"name" : "no.yafr1",
		"slots" : 		{
			"1" : 			{
				"id" : 1,
				"data" : 				{
					"multislider" : [ 0.839285714285714, 0.901785714285714, 0.875, 0.8125, 0.794642857142857 ],
					"number" : [ 0.132 ],
					"slide" : [ 10 ]
				}

			}
,
			"2" : 			{
				"id" : 2,
				"data" : 				{
					"multislider" : [ 0.892857142857143, 0.901785714285714, 0.910714285714286, 0.901785714285714, 0.857142857142857 ],
					"number" : [ 0.5 ],
					"slide" : [ 10 ]
				}

			}
,
			"3" : 			{
				"id" : 3,
				"data" : 				{
					"multislider" : [ 0.580357142857143, 0.901785714285714, 0.910714285714286, 0.901785714285714, 0.857142857142857 ],
					"number" : [ 0.5 ],
					"slide" : [ 10 ]
				}

			}
,
			"4" : 			{
				"id" : 4,
				"data" : 				{
					"multislider" : [ 0.4375, 0.901785714285714, 0.910714285714286, 0.901785714285714, 0.857142857142857 ],
					"number" : [ 0.356 ],
					"slide" : [ 10 ]
				}

			}
,
			"5" : 			{
				"id" : 5,
				"data" : 				{
					"multislider" : [ 0.267857142857143, 0.901785714285714, 0.910714285714286, 0.901785714285714, 0.857142857142857 ],
					"number" : [ 0.35 ],
					"slide" : [ 10 ]
				}

			}
,
			"6" : 			{
				"id" : 6,
				"data" : 				{
					"multislider" : [ 0.241071428571429, 1.0, 1.0, 1.0, 1.0 ],
					"number" : [ 0.35 ],
					"slide" : [ 10 ]
				}

			}
,
			"7" : 			{
				"id" : 7,
				"data" : 				{
					"multislider" : [ 0.267857142857143, 0.901785714285714, 0.910714285714286, 0.901785714285714, 0.857142857142857 ],
					"number" : [ 0.232 ],
					"slide" : [ 10 ]
				}

			}
,
			"8" : 			{
				"id" : 8,
				"data" : 				{
					"multislider" : [ 0.901785714285714, 0.910714285714286, 0.901785714285714, 0.883928571428571, 0.955357142857143 ],
					"number" : [ 0.962 ],
					"slide" : [ 10 ]
				}

			}
,
			"9" : 			{
				"id" : 9,
				"data" : 				{
					"multislider" : [ 0.107142857142857, 0.901785714285714, 0.910714285714286, 0.901785714285714, 0.857142857142857 ],
					"number" : [ 1.0 ],
					"slide" : [ 10.0 ]
				}

			}
,
			"10" : 			{
				"id" : 10,
				"data" : 				{
					"multislider" : [ 0.258928571428571, 0.901785714285714, 0.910714285714286, 0.901785714285714, 0.857142857142857 ],
					"number" : [ 1.0 ],
					"slide" : [ 10.0 ]
				}

			}
,
			"11" : 			{
				"id" : 11,
				"data" : 				{
					"multislider" : [ 0.571428571428571, 0.901785714285714, 0.910714285714286, 0.901785714285714, 0.857142857142857 ],
					"number" : [ 0.68 ],
					"slide" : [ 10 ]
				}

			}
,
			"12" : 			{
				"id" : 12,
				"data" : 				{
					"multislider" : [ 0.491071428571429, 0.285714285714286, 0.383928571428571, 0.901785714285714, 0.857142857142857 ],
					"number" : [ 1.0 ],
					"slide" : [ 10 ]
				}

			}
,
			"13" : 			{
				"id" : 13,
				"data" : 				{
					"multislider" : [ 0.151785714285714, 0.901785714285714, 0.910714285714286, 0.901785714285714, 0.857142857142857 ],
					"number" : [ 0.29 ],
					"slide" : [ 10.0 ]
				}

			}
,
			"14" : 			{
				"id" : 14,
				"data" : 				{
					"multislider" : [ 0.571428571428571, 0.901785714285714, 0.910714285714286, 0.901785714285714, 0.857142857142857 ],
					"number" : [ 0.5 ],
					"slide" : [ 10 ]
				}

			}
,
			"15" : 			{
				"id" : 15,
				"data" : 				{
					"multislider" : [ 0.571428571428571, 0.901785714285714, 0.910714285714286, 0.901785714285714, 0.857142857142857 ],
					"number" : [ 0.12 ],
					"slide" : [ 10.0 ]
				}

			}
,
			"16" : 			{
				"id" : 16,
				"data" : 				{
					"multislider" : [ 0.571428571428571, 0.901785714285714, 0.910714285714286, 0.901785714285714, 0.857142857142857 ],
					"number" : [ 0.77 ],
					"slide" : [ 10.0 ]
				}

			}
,
			"17" : 			{
				"id" : 17,
				"data" : 				{
					"multislider" : [ 0.571428571428571, 0.901785714285714, 0.910714285714286, 0.901785714285714, 0.857142857142857 ],
					"number" : [ 0.44 ],
					"slide" : [ 10 ]
				}

			}
,
			"18" : 			{
				"id" : 18,
				"data" : 				{
					"multislider" : [ 0.571428571428571, 0.901785714285714, 0.910714285714286, 0.901785714285714, 0.857142857142857 ],
					"number" : [ 0.33 ],
					"slide" : [ 10.0 ]
				}

			}
,
			"19" : 			{
				"id" : 19,
				"data" : 				{
					"multislider" : [ 0.6875, 0.901785714285714, 0.910714285714286, 0.901785714285714, 0.857142857142857 ],
					"number" : [ 0.23 ],
					"slide" : [ 52.0 ]
				}

			}
,
			"20" : 			{
				"id" : 20,
				"data" : 				{
					"multislider" : [ 0.571428571428571, 0.901785714285714, 0.910714285714286, 0.901785714285714, 0.857142857142857 ],
					"number" : [ 0.15 ],
					"slide" : [ 10.0 ]
				}

			}
,
			"21" : 			{
				"id" : 21,
				"data" : 				{
					"multislider" : [ 0.571428571428571, 0.901785714285714, 0.910714285714286, 0.901785714285714, 0.857142857142857 ],
					"number" : [ 0.2 ],
					"slide" : [ 10.0 ]
				}

			}
,
			"22" : 			{
				"id" : 22,
				"data" : 				{
					"multislider" : [ 0.571428571428571, 0.901785714285714, 0.910714285714286, 0.901785714285714, 0.857142857142857 ],
					"number" : [ 0.33 ],
					"slide" : [ 10.0 ]
				}

			}
,
			"23" : 			{
				"id" : 23,
				"data" : 				{
					"multislider" : [ 0.901785714285714, 0.892857142857143, 0.901785714285714, 0.892857142857143, 0.901785714285714 ],
					"number" : [ 0.72 ],
					"slide" : [ 10.0 ]
				}

			}
,
			"24" : 			{
				"id" : 24,
				"data" : 				{
					"multislider" : [ 0.901785714285714, 0.892857142857143, 0.901785714285714, 0.892857142857143, 0.901785714285714 ],
					"number" : [ 0.57 ],
					"slide" : [ 10.0 ]
				}

			}
,
			"25" : 			{
				"id" : 25,
				"data" : 				{
					"multislider" : [ 0.839285714285714, 0.901785714285714, 0.875, 0.8125, 0.794642857142857 ],
					"number" : [ 0.563 ],
					"slide" : [ 10.0 ]
				}

			}
,
			"26" : 			{
				"id" : 26,
				"data" : 				{
					"multislider" : [ 0.892857142857143, 0.901785714285714, 0.910714285714286, 0.901785714285714, 0.857142857142857 ],
					"number" : [ 0.3 ],
					"slide" : [ 10.0 ]
				}

			}
,
			"27" : 			{
				"id" : 27,
				"data" : 				{
					"multislider" : [ 0.839285714285714, 0.901785714285714, 0.875, 0.8125, 0.794642857142857 ],
					"number" : [ 0.6 ],
					"slide" : [ 10 ]
				}

			}
,
			"28" : 			{
				"id" : 28,
				"data" : 				{
					"multislider" : [ 0.241071428571429, 0.892857142857143, 0.901785714285714, 0.892857142857143, 0.901785714285714 ],
					"number" : [ 0.57 ],
					"slide" : [ 371.0 ]
				}

			}
,
			"29" : 			{
				"id" : 29,
				"data" : 				{
					"multislider" : [ 0.580357142857143, 0.892857142857143, 0.901785714285714, 0.892857142857143, 0.901785714285714 ],
					"number" : [ 0.57 ],
					"slide" : [ 524.0 ]
				}

			}
,
			"30" : 			{
				"id" : 30,
				"data" : 				{
					"multislider" : [ 0.241071428571429, 0.892857142857143, 0.901785714285714, 0.892857142857143, 0.901785714285714 ],
					"number" : [ 0.316 ],
					"slide" : [ 371.0 ]
				}

			}
,
			"31" : 			{
				"id" : 31,
				"data" : 				{
					"multislider" : [ 0.839285714285714, 0.901785714285714, 0.875, 0.8125, 0.794642857142857 ],
					"number" : [ 0.33 ],
					"slide" : [ 10.0 ]
				}

			}
,
			"32" : 			{
				"id" : 32,
				"data" : 				{
					"multislider" : [ 0.839285714285714, 0.901785714285714, 0.875, 0.8125, 0.794642857142857 ],
					"number" : [ 0.22 ],
					"slide" : [ 10.0 ]
				}

			}
,
			"33" : 			{
				"id" : 33,
				"data" : 				{
					"multislider" : [ 0.839285714285714, 0.901785714285714, 0.875, 0.8125, 0.794642857142857 ],
					"number" : [ 0.347 ],
					"slide" : [ 10.0 ]
				}

			}
,
			"34" : 			{
				"id" : 34,
				"data" : 				{
					"multislider" : [ 0.946428571428571, 0.901785714285714, 0.875, 0.8125, 0.794642857142857 ],
					"number" : [ 0.355 ],
					"slide" : [ 120.0 ]
				}

			}
,
			"35" : 			{
				"id" : 35,
				"data" : 				{
					"multislider" : [ 0.839285714285714, 0.901785714285714, 0.875, 0.8125, 0.794642857142857 ],
					"number" : [ 0.118 ],
					"slide" : [ 10 ]
				}

			}
,
			"36" : 			{
				"id" : 36,